ID,성공확률
TEST_0000,0.4917042812604172
TEST_0001,0.46954834534936996
TEST_0002,0.4531336827554415
TEST_0003,0.5005971959626717
TEST_0004,0.6493357685430494
TEST_0005,0.5146134769352669
TEST_0006,0.4560029958237084
TEST_0007,0.5971665078324733
TEST_0008,0.5433566087194657
TEST_0009,0.5162833227674545
TEST_0010,0.5353131473341419
TEST_0011,0.5465139055376554
TEST_0012,0.4846420095395663
TEST_0013,0.4388241911193646
TEST_0014,0.48453027654593284
TEST_0015,0.3684518562315474
TEST_0016,0.39263029198481253
TEST_0017,0.6403143283848436
TEST_0018,0.5134959692105716
TEST_0019,0.5894230149875728
TEST_0020,0.549015671721879
TEST_0021,0.5136250563254325
TEST_0022,0.5369938236064102
TEST_0023,0.5138196050396874
TEST_0024,0.48220524207096194
TEST_0025,0.47332714138979004
TEST_0026,0.47781530140380785
TEST_0027,0.5092114996527364
TEST_0028,0.5109212645373058
TEST_0029,0.47864134076596476
TEST_0030,0.5230899463439943
TEST_0031,0.5624759053132825
TEST_0032,0.5980267947521716
TEST_0033,0.48427658631780374
TEST_0034,0.5368974838520677
TEST_0035,0.4455773286545156
TEST_0036,0.38859560024492795
TEST_0037,0.5279297313656385
TEST_0038,0.49634516468635315
TEST_0039,0.5150746572501826
TEST_0040,0.5300596879875719
TEST_0041,0.5242577371360033
TEST_0042,0.5550914466691017
TEST_0043,0.5161972352478397
TEST_0044,0.6297722247456423
TEST_0045,0.5502936817931968
TEST_0046,0.43979415267314587
TEST_0047,0.4355567508846393
TEST_0048,0.5190523940818657
TEST_0049,0.5021262253697343
TEST_0050,0.5050022120120644
TEST_0051,0.442396122994257
TEST_0052,0.4315599393488133
TEST_0053,0.4178835997980024
TEST_0054,0.501816424161272
TEST_0055,0.47598581362781955
TEST_0056,0.4519791573906642
TEST_0057,0.5474017644311484
TEST_0058,0.5093922588023339
TEST_0059,0.5312526063397023
TEST_0060,0.5300661647022471
TEST_0061,0.5498469518576278
TEST_0062,0.48032180070891073
TEST_0063,0.5304845197407653
TEST_0064,0.5312695714212292
TEST_0065,0.4944014041505315
TEST_0066,0.510687965506074
TEST_0067,0.3918114868413585
TEST_0068,0.5059459151303954
TEST_0069,0.43994192940182963
TEST_0070,0.5005063972315963
TEST_0071,0.4909477634503129
TEST_0072,0.6207303144703852
TEST_0073,0.5048330140432107
TEST_0074,0.5545915929631065
TEST_0075,0.5093821537038355
TEST_0076,0.5644907943782191
TEST_0077,0.481383969288703
TEST_0078,0.40601473024023016
TEST_0079,0.4518812244962018
TEST_0080,0.48178699582271545
TEST_0081,0.5287912574735183
TEST_0082,0.5098540512052196
TEST_0083,0.5707061598131444
TEST_0084,0.40523738449057384
TEST_0085,0.5090995078270404
TEST_0086,0.43743505822613504
TEST_0087,0.5306788288692735
TEST_0088,0.5834763705891892
TEST_0089,0.3723543262704967
TEST_0090,0.5365380021950987
TEST_0091,0.476610575285982
TEST_0092,0.482838776869278
TEST_0093,0.46544071612293814
TEST_0094,0.5165441727389367
TEST_0095,0.4437997219123203
TEST_0096,0.4306167310980706
TEST_0097,0.5773956077228564
TEST_0098,0.5672086500046281
TEST_0099,0.4889606456481885
TEST_0100,0.41035169813070826
TEST_0101,0.47844153588323307
TEST_0102,0.4513041197202248
TEST_0103,0.5876170449573065
TEST_0104,0.4961615571691017
TEST_0105,0.565541655262171
TEST_0106,0.5915732688278299
TEST_0107,0.5360744623863909
TEST_0108,0.49813187832795053
TEST_0109,0.3058323655080288
TEST_0110,0.536676111457654
TEST_0111,0.5053886417803628
TEST_0112,0.49785017687251265
TEST_0113,0.49670488664784684
TEST_0114,0.6247518888181395
TEST_0115,0.549740768604708
TEST_0116,0.6929832005289879
TEST_0117,0.6420962195091919
TEST_0118,0.4645628026234019
TEST_0119,0.6166549309569128
TEST_0120,0.46763936851940835
TEST_0121,0.419007350162945
TEST_0122,0.4866312509286075
TEST_0123,0.5170152668121286
TEST_0124,0.4862224924952269
TEST_0125,0.3477840132896549
TEST_0126,0.467343080827868
TEST_0127,0.515119388714842
TEST_0128,0.40951562510183004
TEST_0129,0.5830761140380742
TEST_0130,0.5828167251736167
TEST_0131,0.4360770162705999
TEST_0132,0.4616307664476925
TEST_0133,0.44414421830298234
TEST_0134,0.6677556759574892
TEST_0135,0.6227547329469187
TEST_0136,0.505887924102318
TEST_0137,0.4691436183697636
TEST_0138,0.47754348528818347
TEST_0139,0.5723710827785643
TEST_0140,0.5053917351267929
TEST_0141,0.4378056667841421
TEST_0142,0.5335421361310022
TEST_0143,0.4962604073814123
TEST_0144,0.45671187875971075
TEST_0145,0.6126010608657667
TEST_0146,0.42986210430091787
TEST_0147,0.5446725818191471
TEST_0148,0.5370802681016569
TEST_0149,0.5086564297274263
TEST_0150,0.4285692306005837
TEST_0151,0.5241840076267884
TEST_0152,0.5759483175680206
TEST_0153,0.46782085992656347
TEST_0154,0.5144131139081752
TEST_0155,0.5251284054105109
TEST_0156,0.5634397905580057
TEST_0157,0.5332849513105142
TEST_0158,0.5951665204239907
TEST_0159,0.45889831191175445
TEST_0160,0.4368900080360746
TEST_0161,0.625009495765354
TEST_0162,0.4995826716690134
TEST_0163,0.5212629456852431
TEST_0164,0.5459083706393024
TEST_0165,0.551939563339196
TEST_0166,0.5282277058611843
TEST_0167,0.5207572536084498
TEST_0168,0.5216528603028585
TEST_0169,0.4987363814695406
TEST_0170,0.5301952286556209
TEST_0171,0.5128373864244129
TEST_0172,0.45811501175222025
TEST_0173,0.6370165548912784
TEST_0174,0.48432677155307924
TEST_0175,0.5227054902224952
TEST_0176,0.6335320480773405
TEST_0177,0.5060804484380476
TEST_0178,0.46890038184604643
TEST_0179,0.46113851447457516
TEST_0180,0.4878272082580136
TEST_0181,0.4844247593660963
TEST_0182,0.5052836824927249
TEST_0183,0.47956168726988313
TEST_0184,0.4984228796808272
TEST_0185,0.5418331637506697
TEST_0186,0.3619184508747198
TEST_0187,0.5292688644397415
TEST_0188,0.36493512830329566
TEST_0189,0.531504162395048
TEST_0190,0.5911500282557125
TEST_0191,0.566371104884076
TEST_0192,0.4859596693623123
TEST_0193,0.4149040873205181
TEST_0194,0.500555865489843
TEST_0195,0.5504227548930282
TEST_0196,0.49838278876391723
TEST_0197,0.4876186354432924
TEST_0198,0.5708343848035389
TEST_0199,0.5504821366924096
TEST_0200,0.4793528214509511
TEST_0201,0.48266240083096834
TEST_0202,0.5023222567756096
TEST_0203,0.5383650061012261
TEST_0204,0.41143873804036857
TEST_0205,0.5274238919458597
TEST_0206,0.5321639515444379
TEST_0207,0.678864398156662
TEST_0208,0.4289906094895475
TEST_0209,0.584506373799917
TEST_0210,0.49414774811771944
TEST_0211,0.47633807302608994
TEST_0212,0.5033704995232506
TEST_0213,0.4706329979249198
TEST_0214,0.5143603681346168
TEST_0215,0.4768295522015188
TEST_0216,0.538502426192756
TEST_0217,0.4683019623249872
TEST_0218,0.5327862442734317
TEST_0219,0.45883495878558733
TEST_0220,0.5812279544740706
TEST_0221,0.5785051428154069
TEST_0222,0.5516352455407727
TEST_0223,0.5091353330423025
TEST_0224,0.48965111542983525
TEST_0225,0.5515922429969256
TEST_0226,0.6021833509590959
TEST_0227,0.45105425797383136
TEST_0228,0.5922345744688412
TEST_0229,0.6043777739036481
TEST_0230,0.5321919269715438
TEST_0231,0.4765088736198809
TEST_0232,0.4448489633284932
TEST_0233,0.5440926514811113
TEST_0234,0.5565286723954421
TEST_0235,0.48811802667953885
TEST_0236,0.38709595128890084
TEST_0237,0.3861749900515066
TEST_0238,0.5843420042205848
TEST_0239,0.4672080430134373
TEST_0240,0.47140012536035286
TEST_0241,0.5513221462921115
TEST_0242,0.4781163881113599
TEST_0243,0.5118674001247755
TEST_0244,0.5918216617986036
TEST_0245,0.48023154073708146
TEST_0246,0.5260088998949639
TEST_0247,0.5008250030304694
TEST_0248,0.47692868384755227
TEST_0249,0.47370564934701054
TEST_0250,0.5285654387497374
TEST_0251,0.5268323895409075
TEST_0252,0.5128805787875093
TEST_0253,0.47114119093820717
TEST_0254,0.4550865326879603
TEST_0255,0.49129158031296216
TEST_0256,0.49116446159056926
TEST_0257,0.612410073372899
TEST_0258,0.5527147563179966
TEST_0259,0.517758370783373
TEST_0260,0.5295105968907601
TEST_0261,0.49486462609534787
TEST_0262,0.5621205504011368
TEST_0263,0.5575521200600921
TEST_0264,0.5433058822215875
TEST_0265,0.5405195790833713
TEST_0266,0.4464453875917505
TEST_0267,0.5017790279981832
TEST_0268,0.54695566511377
TEST_0269,0.4053025931562919
TEST_0270,0.4778058348183466
TEST_0271,0.4375854031296841
TEST_0272,0.5190917528361105
TEST_0273,0.5606654909687374
TEST_0274,0.5080429819869889
TEST_0275,0.4959469304934975
TEST_0276,0.37823110010173533
TEST_0277,0.4175937164709365
TEST_0278,0.5159424072326165
TEST_0279,0.49056933156352056
TEST_0280,0.48872038686418895
TEST_0281,0.451305080618247
TEST_0282,0.5401981740214887
TEST_0283,0.6442849891819314
TEST_0284,0.4933257452076012
TEST_0285,0.38074411320850043
TEST_0286,0.471786806664055
TEST_0287,0.5435094566268861
TEST_0288,0.45291130892668097
TEST_0289,0.5871637504817708
TEST_0290,0.6060506979150058
TEST_0291,0.5098946389415361
TEST_0292,0.43418712382303437
TEST_0293,0.5733729493282456
TEST_0294,0.5426222712975735
TEST_0295,0.5153482408102543
TEST_0296,0.49828711020266653
TEST_0297,0.4779548396544135
TEST_0298,0.5483516014001057
TEST_0299,0.4875976855818536
TEST_0300,0.416261690208066
TEST_0301,0.5560821902317041
TEST_0302,0.511697575017337
TEST_0303,0.5360211736378576
TEST_0304,0.5606625486790338
TEST_0305,0.509927558797263
TEST_0306,0.4822131690433483
TEST_0307,0.45211166862872354
TEST_0308,0.4738722410839953
TEST_0309,0.4620831635642673
TEST_0310,0.6193143558734115
TEST_0311,0.5038263712367519
TEST_0312,0.5312734056077195
TEST_0313,0.46364157895432156
TEST_0314,0.60422586213208
TEST_0315,0.49342615589351835
TEST_0316,0.4527236518310881
TEST_0317,0.5727641502663308
TEST_0318,0.5772601919902982
TEST_0319,0.506575584944767
TEST_0320,0.5075094235092135
TEST_0321,0.7276912755961038
TEST_0322,0.5125893794392038
TEST_0323,0.5071094958177725
TEST_0324,0.45533343795217285
TEST_0325,0.5041184553145348
TEST_0326,0.6200640050295128
TEST_0327,0.5432320706749523
TEST_0328,0.49349283172042363
TEST_0329,0.5892953302459969
TEST_0330,0.4358446485177949
TEST_0331,0.4970605118225834
TEST_0332,0.5163023148003401
TEST_0333,0.5208617162519449
TEST_0334,0.48453071404139936
TEST_0335,0.4284786538932173
TEST_0336,0.4352118636949768
TEST_0337,0.5850373019552919
TEST_0338,0.5950558234564998
TEST_0339,0.5491218333946646
TEST_0340,0.6118753184790239
TEST_0341,0.4608202490376976
TEST_0342,0.42038046312482436
TEST_0343,0.48887282062542925
TEST_0344,0.42842484679961873
TEST_0345,0.46754673671054814
TEST_0346,0.4643260650175677
TEST_0347,0.5827938245466104
TEST_0348,0.5007014593030334
TEST_0349,0.5056650617424192
TEST_0350,0.45999723468825116
TEST_0351,0.5495279582448789
TEST_0352,0.5103581561956739
TEST_0353,0.4650369998848114
TEST_0354,0.5823657105343646
TEST_0355,0.36663023081746915
TEST_0356,0.48861482521619093
TEST_0357,0.4370237107899949
TEST_0358,0.433186359178829
TEST_0359,0.4805663615609957
TEST_0360,0.43659849391530053
TEST_0361,0.4491551373216872
TEST_0362,0.5441840442786585
TEST_0363,0.5258061377585026
TEST_0364,0.3789533210656057
TEST_0365,0.5444878328974196
TEST_0366,0.5098590664092255
TEST_0367,0.46837631969046534
TEST_0368,0.5222777928169677
TEST_0369,0.49327203313003387
TEST_0370,0.42400025387469176
TEST_0371,0.4967830366282642
TEST_0372,0.47416538288365445
TEST_0373,0.5344623681810562
TEST_0374,0.507947274679247
TEST_0375,0.415046021203227
TEST_0376,0.5049687245163866
TEST_0377,0.5487868049466825
TEST_0378,0.43933124880357644
TEST_0379,0.5329203666043915
TEST_0380,0.5185677850149698
TEST_0381,0.49266532829254156
TEST_0382,0.5665981906121194
TEST_0383,0.49393430209128364
TEST_0384,0.4558507659439677
TEST_0385,0.5682371647091864
TEST_0386,0.5484550652499955
TEST_0387,0.4412455751203903
TEST_0388,0.5380170201646395
TEST_0389,0.5343499849113391
TEST_0390,0.5795151647567983
TEST_0391,0.5352336666960194
TEST_0392,0.596109255234025
TEST_0393,0.36348638503345726
TEST_0394,0.5472380819055103
TEST_0395,0.42808421825885923
TEST_0396,0.5573229817862124
TEST_0397,0.47677373930079314
TEST_0398,0.5454025199123698
TEST_0399,0.48705698863608515
TEST_0400,0.4155044555407778
TEST_0401,0.4933509342647907
TEST_0402,0.524281785425999
TEST_0403,0.49709409660362136
TEST_0404,0.4841388609210402
TEST_0405,0.3939996717536557
TEST_0406,0.46092345193795337
TEST_0407,0.5155637795335365
TEST_0408,0.4313255150224251
TEST_0409,0.5061456539497096
TEST_0410,0.47071588823433475
TEST_0411,0.5283365906233157
TEST_0412,0.4534869563524818
TEST_0413,0.3927170841833312
TEST_0414,0.4914388492327276
TEST_0415,0.48357411001805317
TEST_0416,0.7121813599574893
TEST_0417,0.6067392402669133
TEST_0418,0.6019544149337186
TEST_0419,0.4981704482223055
TEST_0420,0.4421839722464469
TEST_0421,0.42344024234131356
TEST_0422,0.4597737767111731
TEST_0423,0.4836170914493023
TEST_0424,0.41979022833420354
TEST_0425,0.5102996238982127
TEST_0426,0.44240287481812435
TEST_0427,0.5332506748689907
TEST_0428,0.4665311146040616
TEST_0429,0.5581764243930316
TEST_0430,0.4312538178889728
TEST_0431,0.50698663864714
TEST_0432,0.47160714148465865
TEST_0433,0.394354422054412
TEST_0434,0.5058829048911389
TEST_0435,0.35591100721586544
TEST_0436,0.47212214258624363
TEST_0437,0.5845546969416477
TEST_0438,0.501439510839145
TEST_0439,0.548594515818857
TEST_0440,0.47123613911788437
TEST_0441,0.564510908668084
TEST_0442,0.6116757468223681
TEST_0443,0.5001593334136604
TEST_0444,0.4939575330229816
TEST_0445,0.47388275397342194
TEST_0446,0.5345269902194194
TEST_0447,0.5485250507677883
TEST_0448,0.5069269956126098
TEST_0449,0.49248927241683993
TEST_0450,0.483682404965734
TEST_0451,0.5514506557616441
TEST_0452,0.4495701687179794
TEST_0453,0.4866318073781326
TEST_0454,0.7345172396365658
TEST_0455,0.5183707320982512
TEST_0456,0.4856251388244186
TEST_0457,0.4923823844420415
TEST_0458,0.4977248428710507
TEST_0459,0.5083340186772287
TEST_0460,0.4163697636798299
TEST_0461,0.5098880479610929
TEST_0462,0.5272027148538214
TEST_0463,0.5813794159386535
TEST_0464,0.539405206674486
TEST_0465,0.5122143710096204
TEST_0466,0.48121125521913344
TEST_0467,0.3812773778451094
TEST_0468,0.5244977918696256
TEST_0469,0.5236219029121327
TEST_0470,0.4746640948437332
TEST_0471,0.4933065650113894
TEST_0472,0.5770629560216887
TEST_0473,0.5550583848596522
TEST_0474,0.47561316920771635
TEST_0475,0.5176066414196006
TEST_0476,0.4923097101135805
TEST_0477,0.5194109724505342
TEST_0478,0.6362647684854787
TEST_0479,0.5444131510799061
TEST_0480,0.5853205943384602
TEST_0481,0.4368176408683093
TEST_0482,0.5873052790140418
TEST_0483,0.5149935005969641
TEST_0484,0.6023608753161289
TEST_0485,0.5535344332352601
TEST_0486,0.4093100667513654
TEST_0487,0.5181399074201032
TEST_0488,0.4968937906785372
TEST_0489,0.45011611831931386
TEST_0490,0.505460543218077
TEST_0491,0.5403088498692196
TEST_0492,0.5825963046801159
TEST_0493,0.5119538218102577
TEST_0494,0.4703715979790729
TEST_0495,0.5437510339945957
TEST_0496,0.33564655103254015
TEST_0497,0.5007322757338944
TEST_0498,0.5918128244063793
TEST_0499,0.4453352867298973
TEST_0500,0.4707213858682574
TEST_0501,0.45123333920045483
TEST_0502,0.4791934486641539
TEST_0503,0.536434769530588
TEST_0504,0.5320163844508303
TEST_0505,0.48123685781396774
TEST_0506,0.6596862632571449
TEST_0507,0.6273885511584905
TEST_0508,0.49378132992512824
TEST_0509,0.5431342075927087
TEST_0510,0.4311318472254342
TEST_0511,0.5463261851686293
TEST_0512,0.5371367166027907
TEST_0513,0.5165917458033696
TEST_0514,0.5576842279875347
TEST_0515,0.4959906438884546
TEST_0516,0.4905984040631581
TEST_0517,0.5178836260395143
TEST_0518,0.4322443991915987
TEST_0519,0.40637683548088255
TEST_0520,0.5148578611234272
TEST_0521,0.4774593602147884
TEST_0522,0.458083848996398
TEST_0523,0.5485298265674666
TEST_0524,0.5195784475373826
TEST_0525,0.5112341318117299
TEST_0526,0.46997341835715156
TEST_0527,0.6390223322806388
TEST_0528,0.4357348792547536
TEST_0529,0.5226657145255521
TEST_0530,0.5326793116711537
TEST_0531,0.48455782401371966
TEST_0532,0.4447594015277006
TEST_0533,0.45131515699708913
TEST_0534,0.510313604921975
TEST_0535,0.5114157254533673
TEST_0536,0.5659668157974972
TEST_0537,0.5018940684598292
TEST_0538,0.407555033824305
TEST_0539,0.5337622442898482
TEST_0540,0.49771969814371253
TEST_0541,0.4642973100771657
TEST_0542,0.5009556311396199
TEST_0543,0.5330024250277923
TEST_0544,0.41822553158958997
TEST_0545,0.49329973617796763
TEST_0546,0.46698240574692973
TEST_0547,0.5750792189818701
TEST_0548,0.5227057011005296
TEST_0549,0.5427903997321921
TEST_0550,0.5057707637956639
TEST_0551,0.4674636943673316
TEST_0552,0.5793224898052771
TEST_0553,0.5181565625968031
TEST_0554,0.43397651289331035
TEST_0555,0.5241130377464446
TEST_0556,0.45194676463473904
TEST_0557,0.44435601813911485
TEST_0558,0.4908566571705646
TEST_0559,0.5204709180826192
TEST_0560,0.479638579427044
TEST_0561,0.5412795716512878
TEST_0562,0.6429009818964118
TEST_0563,0.47720669720804365
TEST_0564,0.5172291392259225
TEST_0565,0.5367503549053603
TEST_0566,0.5683484678793784
TEST_0567,0.5357553487205222
TEST_0568,0.5141117596395258
TEST_0569,0.4644396642353491
TEST_0570,0.44725502716635085
TEST_0571,0.49063113071155584
TEST_0572,0.5054806470094992
TEST_0573,0.41382839623156953
TEST_0574,0.43080984955267854
TEST_0575,0.4272077126177266
TEST_0576,0.5591651128011597
TEST_0577,0.46097186620680175
TEST_0578,0.25361477164759577
TEST_0579,0.5260458229201472
TEST_0580,0.4705637216495592
TEST_0581,0.5492277401306689
TEST_0582,0.5410537768050252
TEST_0583,0.5131905294030806
TEST_0584,0.5125138071373483
TEST_0585,0.4908159830820483
TEST_0586,0.5755082776782539
TEST_0587,0.535053629065875
TEST_0588,0.7259884647421649
TEST_0589,0.5269980517268646
TEST_0590,0.4093361443201411
TEST_0591,0.5337503085362946
TEST_0592,0.4950671131818701
TEST_0593,0.5403902204931214
TEST_0594,0.7064650235259822
TEST_0595,0.5689199187202028
TEST_0596,0.4269758525828884
TEST_0597,0.5774965363179076
TEST_0598,0.6213682041180628
TEST_0599,0.5674790493426669
TEST_0600,0.6072698917017101
TEST_0601,0.6344349729777459
TEST_0602,0.6534394903128855
TEST_0603,0.5354344971836289
TEST_0604,0.502405761329852
TEST_0605,0.4682109594697947
TEST_0606,0.5290850892062179
TEST_0607,0.6042259688073848
TEST_0608,0.38941392919812434
TEST_0609,0.550072484794516
TEST_0610,0.4361291168140157
TEST_0611,0.4097472024224065
TEST_0612,0.49634345536226054
TEST_0613,0.4666756122823603
TEST_0614,0.4617857727118142
TEST_0615,0.4334308928911845
TEST_0616,0.48101558244727216
TEST_0617,0.5609369775137163
TEST_0618,0.6248946125335151
TEST_0619,0.5410031005570539
TEST_0620,0.5577751180918946
TEST_0621,0.46906306582043533
TEST_0622,0.5422618741590362
TEST_0623,0.5328747814331221
TEST_0624,0.5457749205491116
TEST_0625,0.5861889387715387
TEST_0626,0.4693798271472498
TEST_0627,0.5349635855542794
TEST_0628,0.519586433808256
TEST_0629,0.5273713081456985
TEST_0630,0.4867935477111406
TEST_0631,0.5575292821811415
TEST_0632,0.5164274702495684
TEST_0633,0.534901531679429
TEST_0634,0.5206718806828512
TEST_0635,0.3828888433239705
TEST_0636,0.4662529671026961
TEST_0637,0.5575922934715904
TEST_0638,0.4849706886569523
TEST_0639,0.42960582305885353
TEST_0640,0.3988904852151455
TEST_0641,0.4954303069230247
TEST_0642,0.4648467737920956
TEST_0643,0.5369925372843889
TEST_0644,0.49425817526434035
TEST_0645,0.5620919782361495
TEST_0646,0.5192976398798154
TEST_0647,0.4693412290621385
TEST_0648,0.612854436367977
TEST_0649,0.3969483914135973
TEST_0650,0.5921891757624382
TEST_0651,0.4626433336597541
TEST_0652,0.5314005131695714
TEST_0653,0.5246690915682066
TEST_0654,0.5788657849944855
TEST_0655,0.5178974460445301
TEST_0656,0.6455469938441167
TEST_0657,0.46109070580244704
TEST_0658,0.4921629900758667
TEST_0659,0.6529980667668049
TEST_0660,0.6610145348649424
TEST_0661,0.4347027625559253
TEST_0662,0.6415928243031888
TEST_0663,0.5183367963536285
TEST_0664,0.5467616658605895
TEST_0665,0.5329928091245568
TEST_0666,0.45414199056591786
TEST_0667,0.511249182083543
TEST_0668,0.5406450010571092
TEST_0669,0.7603739075007735
TEST_0670,0.6693566797667818
TEST_0671,0.46195161883584307
TEST_0672,0.5547198677157874
TEST_0673,0.5144191050525154
TEST_0674,0.4209033537704094
TEST_0675,0.5810542126378008
TEST_0676,0.443126592836792
TEST_0677,0.48025106194135936
TEST_0678,0.45493851505259747
TEST_0679,0.5179989448720126
TEST_0680,0.508403732977794
TEST_0681,0.5525451452264643
TEST_0682,0.42492854311196093
TEST_0683,0.506653790961403
TEST_0684,0.5422680525034653
TEST_0685,0.5031356265340285
TEST_0686,0.4913458976879408
TEST_0687,0.5403117321021031
TEST_0688,0.5818534897754288
TEST_0689,0.5914219340467224
TEST_0690,0.4613610034172926
TEST_0691,0.5218875315974891
TEST_0692,0.4997000446095895
TEST_0693,0.4644730740403909
TEST_0694,0.47939268434112114
TEST_0695,0.549425787563858
TEST_0696,0.416195211003054
TEST_0697,0.4941401838779016
TEST_0698,0.5227358291072175
TEST_0699,0.46337746604838337
TEST_0700,0.4569545481936508
TEST_0701,0.5983160486993927
TEST_0702,0.48617242141914796
TEST_0703,0.46800411523367713
TEST_0704,0.4593971503796439
TEST_0705,0.5396343700885126
TEST_0706,0.5223328199187811
TEST_0707,0.46854879295549084
TEST_0708,0.5099385583784775
TEST_0709,0.4542626994456096
TEST_0710,0.5227382890388259
TEST_0711,0.48373751855952873
TEST_0712,0.45381758674093037
TEST_0713,0.5113891100214707
TEST_0714,0.4750655753993135
TEST_0715,0.48054741052534167
TEST_0716,0.469400180024921
TEST_0717,0.5370987822257467
TEST_0718,0.5354440880764932
TEST_0719,0.5958873877282105
TEST_0720,0.583634253461021
TEST_0721,0.5449473820772743
TEST_0722,0.5030829725946522
TEST_0723,0.5360734458851054
TEST_0724,0.5949798837774664
TEST_0725,0.5395963135024326
TEST_0726,0.6192448880237956
TEST_0727,0.694156349695096
TEST_0728,0.4981369296983801
TEST_0729,0.6034234744649472
TEST_0730,0.5937267098382165
TEST_0731,0.5178961371649458
TEST_0732,0.5816231908556292
TEST_0733,0.5365921726741673
TEST_0734,0.6146611042050063
TEST_0735,0.5144913494644916
TEST_0736,0.5157613538501852
TEST_0737,0.45995123864858145
TEST_0738,0.5204605610386388
TEST_0739,0.5420381376434962
TEST_0740,0.4432861130135174
TEST_0741,0.5310731991491224
TEST_0742,0.46490321757708486
TEST_0743,0.47609477880240647
TEST_0744,0.4644103563217104
TEST_0745,0.534868182389481
TEST_0746,0.4906405228976713
TEST_0747,0.6274789299228174
TEST_0748,0.46905828405115346
TEST_0749,0.4769317635108363
TEST_0750,0.5960491113436258
TEST_0751,0.62183514004214
TEST_0752,0.3934389333377542
TEST_0753,0.5838506654796269
TEST_0754,0.45972248708650487
TEST_0755,0.4623342707880276
TEST_0756,0.5303766037756258
TEST_0757,0.44055196613809045
TEST_0758,0.5709222849753579
TEST_0759,0.4325899136915303
TEST_0760,0.5396225423955184
TEST_0761,0.46141133289615177
TEST_0762,0.4786863646283467
TEST_0763,0.4749032989993071
TEST_0764,0.5366472615663335
TEST_0765,0.5349409467500402
TEST_0766,0.5304932616086576
TEST_0767,0.4704504804808633
TEST_0768,0.5019288086197038
TEST_0769,0.49956627138725007
TEST_0770,0.5531998035275174
TEST_0771,0.47191844701942975
TEST_0772,0.5645378639527174
TEST_0773,0.44161206667808234
TEST_0774,0.5199362839164224
TEST_0775,0.5019306886291969
TEST_0776,0.45712406263345584
TEST_0777,0.499458018310194
TEST_0778,0.48488155607939987
TEST_0779,0.5180232692466855
TEST_0780,0.6966196976019473
TEST_0781,0.5006975723551096
TEST_0782,0.4793649319088865
TEST_0783,0.6121425828308404
TEST_0784,0.4421818731033026
TEST_0785,0.47956908005070387
TEST_0786,0.42239205703552696
TEST_0787,0.6087950367365923
TEST_0788,0.5522777523836115
TEST_0789,0.5072313805786839
TEST_0790,0.526857000579652
TEST_0791,0.5853980149219902
TEST_0792,0.5963543785071312
TEST_0793,0.4815353302078401
TEST_0794,0.40992382904296243
TEST_0795,0.4384022854327133
TEST_0796,0.43465539943014164
TEST_0797,0.5403777051203507
TEST_0798,0.43265019967669743
TEST_0799,0.5597195113863771
TEST_0800,0.5869666607843818
TEST_0801,0.4499972144628154
TEST_0802,0.5210461808809452
TEST_0803,0.5137029330472453
TEST_0804,0.46775228947269787
TEST_0805,0.5247176967442914
TEST_0806,0.4601271065491832
TEST_0807,0.5419658496983285
TEST_0808,0.4737320044400507
TEST_0809,0.5184415157462741
TEST_0810,0.4941629725069966
TEST_0811,0.48639420783890364
TEST_0812,0.44198739142129884
TEST_0813,0.4990600728414033
TEST_0814,0.48069380770103065
TEST_0815,0.6072639855263022
TEST_0816,0.44943263568233505
TEST_0817,0.4979718672776955
TEST_0818,0.5784473080373542
TEST_0819,0.39996649627865366
TEST_0820,0.4384343760555246
TEST_0821,0.5856463730187929
TEST_0822,0.5018798776921626
TEST_0823,0.5616772650176589
TEST_0824,0.49379114157371395
TEST_0825,0.25996508533596807
TEST_0826,0.5019252114045656
TEST_0827,0.5107936828007047
TEST_0828,0.4831161785976806
TEST_0829,0.434769433088611
TEST_0830,0.5761692088487782
TEST_0831,0.30469997351329464
TEST_0832,0.49143643504022383
TEST_0833,0.5063068990486106
TEST_0834,0.44853644469619863
TEST_0835,0.6182525571955715
TEST_0836,0.5433627239215604
TEST_0837,0.5127158429384814
TEST_0838,0.5773837747962103
TEST_0839,0.5339719561660488
TEST_0840,0.5324432040898615
TEST_0841,0.4801605796784371
TEST_0842,0.4748297738645674
TEST_0843,0.45557837834607995
TEST_0844,0.5053460589156806
TEST_0845,0.5905342339469279
TEST_0846,0.4472480497000727
TEST_0847,0.541019431246834
TEST_0848,0.43362670588456464
TEST_0849,0.42997453218376097
TEST_0850,0.4186680929136011
TEST_0851,0.4654909589933416
TEST_0852,0.3972965028544123
TEST_0853,0.5533359354278564
TEST_0854,0.5096730009784465
TEST_0855,0.5964048422698309
TEST_0856,0.4817473945077171
TEST_0857,0.42630979925484336
TEST_0858,0.47144378047872254
TEST_0859,0.5412341356194094
TEST_0860,0.4920164462840867
TEST_0861,0.5682332214040475
TEST_0862,0.525255928924688
TEST_0863,0.4781307659176711
TEST_0864,0.4876158463352438
TEST_0865,0.5400308115662465
TEST_0866,0.5394504722342046
TEST_0867,0.6516593631591305
TEST_0868,0.5418746777080402
TEST_0869,0.5090177361375456
TEST_0870,0.550006794162735
TEST_0871,0.42975667661128647
TEST_0872,0.49079398884539344
TEST_0873,0.5759613343132177
TEST_0874,0.5264387786990938
TEST_0875,0.5376255958528768
TEST_0876,0.5019345772003418
TEST_0877,0.5804211784162837
TEST_0878,0.46512955628623137
TEST_0879,0.46988359518446093
TEST_0880,0.5251219556010849
TEST_0881,0.5144544782391529
TEST_0882,0.5282777202905169
TEST_0883,0.5018535302890064
TEST_0884,0.7041644224153675
TEST_0885,0.4589536315756444
TEST_0886,0.5846461813914653
TEST_0887,0.46910810522478635
TEST_0888,0.5214695139408064
TEST_0889,0.5195542830651494
TEST_0890,0.45481479327424423
TEST_0891,0.41485696616425805
TEST_0892,0.504363672817653
TEST_0893,0.5156658912615624
TEST_0894,0.4980318751475201
TEST_0895,0.5099576935933875
TEST_0896,0.5147686560853846
TEST_0897,0.5787483841380826
TEST_0898,0.4866262743195351
TEST_0899,0.41565612975898275
TEST_0900,0.44655654019965646
TEST_0901,0.5639446455145232
TEST_0902,0.4882172056217746
TEST_0903,0.37841317514876416
TEST_0904,0.43963063488358994
TEST_0905,0.3984649311733086
TEST_0906,0.5718413423517297
TEST_0907,0.6829960248837355
TEST_0908,0.517592214600932
TEST_0909,0.5026242971552282
TEST_0910,0.4977793214243259
TEST_0911,0.48584203000447124
TEST_0912,0.48570175908645125
TEST_0913,0.3891662702755185
TEST_0914,0.43272296503196483
TEST_0915,0.5039191131532715
TEST_0916,0.5968386601947175
TEST_0917,0.5157389549742559
TEST_0918,0.5205693463570463
TEST_0919,0.4642969394925045
TEST_0920,0.500348308744131
TEST_0921,0.42130328760821495
TEST_0922,0.5111668162918398
TEST_0923,0.5778141207189905
TEST_0924,0.5304194026210249
TEST_0925,0.4782069618666793
TEST_0926,0.5708110433442898
TEST_0927,0.4791624190517789
TEST_0928,0.5363367308321421
TEST_0929,0.5484758951591755
TEST_0930,0.49814179296768757
TEST_0931,0.5860377362157254
TEST_0932,0.4163397803363883
TEST_0933,0.5002761740894569
TEST_0934,0.5268130128279356
TEST_0935,0.49553927851030066
TEST_0936,0.549559791088461
TEST_0937,0.5529526128505378
TEST_0938,0.5058211994506439
TEST_0939,0.5123032778484047
TEST_0940,0.42424873382673134
TEST_0941,0.4443637723091831
TEST_0942,0.5201248042589427
TEST_0943,0.585283714409724
TEST_0944,0.5051470429052661
TEST_0945,0.5287671644290427
TEST_0946,0.5202590643871097
TEST_0947,0.5446250597532591
TEST_0948,0.41485798912309513
TEST_0949,0.48412955102611455
TEST_0950,0.5385307820316213
TEST_0951,0.4792426438212813
TEST_0952,0.6150178582415614
TEST_0953,0.5669398011613296
TEST_0954,0.5411464378179942
TEST_0955,0.6176436246345391
TEST_0956,0.6115379643451715
TEST_0957,0.6854578905554815
TEST_0958,0.3578720845825105
TEST_0959,0.5832921129848532
TEST_0960,0.47741714263493196
TEST_0961,0.5048004737936074
TEST_0962,0.5173998548698624
TEST_0963,0.48018832540255124
TEST_0964,0.5772118038577426
TEST_0965,0.5247182798782051
TEST_0966,0.5377515745321446
TEST_0967,0.5467174929898613
TEST_0968,0.4814951528969046
TEST_0969,0.5353165235130573
TEST_0970,0.5281134979582572
TEST_0971,0.5765775256592777
TEST_0972,0.3832725005611838
TEST_0973,0.4190531430539476
TEST_0974,0.5568198631993078
TEST_0975,0.5336795075229508
TEST_0976,0.4967932116973257
TEST_0977,0.4693283176040469
TEST_0978,0.5251703301348396
TEST_0979,0.5429332053037232
TEST_0980,0.5015078407267011
TEST_0981,0.5393326071578921
TEST_0982,0.4740339383480435
TEST_0983,0.251811299094878
TEST_0984,0.45066161375119795
TEST_0985,0.4502980850411639
TEST_0986,0.49367841557727155
TEST_0987,0.3258138488089662
TEST_0988,0.5884255918414704
TEST_0989,0.46244502837633794
TEST_0990,0.5254072237871574
TEST_0991,0.5584432670971908
TEST_0992,0.604746370852479
TEST_0993,0.4916837203088429
TEST_0994,0.2980221101586872
TEST_0995,0.5564531968263207
TEST_0996,0.4197419624020577
TEST_0997,0.4970700004815748
TEST_0998,0.4690092715145424
TEST_0999,0.39138042006900986
TEST_1000,0.5069044178751236
TEST_1001,0.48990312105038064
TEST_1002,0.4791885478493475
TEST_1003,0.5195033819902867
TEST_1004,0.4839601048577359
TEST_1005,0.5603437045960057
TEST_1006,0.4851144662288296
TEST_1007,0.5248117800074611
TEST_1008,0.6740617255317183
TEST_1009,0.523408086869489
TEST_1010,0.520832267788414
TEST_1011,0.5465160418689806
TEST_1012,0.5342155846603536
TEST_1013,0.5097574883521796
TEST_1014,0.44365014871399877
TEST_1015,0.5037080302846391
TEST_1016,0.4944980257554814
TEST_1017,0.39032284514603494
TEST_1018,0.5403753682659411
TEST_1019,0.46099498813472506
TEST_1020,0.478914651419336
TEST_1021,0.5287685297937172
TEST_1022,0.5784519115091675
TEST_1023,0.4753098259682837
TEST_1024,0.43630394136869843
TEST_1025,0.5623100353726723
TEST_1026,0.5565976700554192
TEST_1027,0.4545245187983344
TEST_1028,0.5803953138633746
TEST_1029,0.5030603511804324
TEST_1030,0.5744161171611353
TEST_1031,0.5488825123656219
TEST_1032,0.4252547475599791
TEST_1033,0.5015597056633532
TEST_1034,0.5135667340635199
TEST_1035,0.5584625055626667
TEST_1036,0.4937966948398938
TEST_1037,0.4698538317428694
TEST_1038,0.5236120471567947
TEST_1039,0.40621403227563063
TEST_1040,0.5692294506275336
TEST_1041,0.4157438587003158
TEST_1042,0.48932641774865715
TEST_1043,0.5864080452726425
TEST_1044,0.4827807018514612
TEST_1045,0.5826228939368431
TEST_1046,0.4984186599033763
TEST_1047,0.49200726900450076
TEST_1048,0.532515480729087
TEST_1049,0.48622513968811565
TEST_1050,0.43675203070324964
TEST_1051,0.4793519642552977
TEST_1052,0.5147751997872704
TEST_1053,0.5998526516186486
TEST_1054,0.4783757139605441
TEST_1055,0.5050107771717849
TEST_1056,0.4275670655855814
TEST_1057,0.4842992114038334
TEST_1058,0.46926447904482116
TEST_1059,0.5723713918052117
TEST_1060,0.5834325106272472
TEST_1061,0.5278866371668494
TEST_1062,0.6003828814930705
TEST_1063,0.6530884161374148
TEST_1064,0.5590211547699013
TEST_1065,0.4647257604678763
TEST_1066,0.45671149076610573
TEST_1067,0.5330445522691329
TEST_1068,0.49791563370618486
TEST_1069,0.5043016540963339
TEST_1070,0.5204876595667237
TEST_1071,0.5333225919250368
TEST_1072,0.48161962987096385
TEST_1073,0.5212740168245402
TEST_1074,0.5036833588980465
TEST_1075,0.5556350597722249
TEST_1076,0.5493924035455902
TEST_1077,0.58622942145959
TEST_1078,0.531276873484106
TEST_1079,0.5624257447503294
TEST_1080,0.5086043407004011
TEST_1081,0.5045287423200258
TEST_1082,0.5068013997587628
TEST_1083,0.4943465195506906
TEST_1084,0.4578857630443959
TEST_1085,0.5615590833592111
TEST_1086,0.624609162314287
TEST_1087,0.4147661413591167
TEST_1088,0.4471941483332577
TEST_1089,0.5105816449249632
TEST_1090,0.48014115370754995
TEST_1091,0.45147806137035446
TEST_1092,0.5216629599503201
TEST_1093,0.5773946261797722
TEST_1094,0.5112463048318523
TEST_1095,0.5807794087035607
TEST_1096,0.5641155758262376
TEST_1097,0.4915926434421471
TEST_1098,0.5668440168339224
TEST_1099,0.5068526727864422
TEST_1100,0.5714921049951642
TEST_1101,0.5033443070176381
TEST_1102,0.4846438438780387
TEST_1103,0.5835720895196534
TEST_1104,0.5503535639712624
TEST_1105,0.460764069126414
TEST_1106,0.5343821687462934
TEST_1107,0.47421133283134304
TEST_1108,0.47883397686557544
TEST_1109,0.4658875040931295
TEST_1110,0.573443319929857
TEST_1111,0.5199745354480456
TEST_1112,0.70364465396041
TEST_1113,0.5266105074584359
TEST_1114,0.44514826526387324
TEST_1115,0.5596049899913562
TEST_1116,0.6459655317786089
TEST_1117,0.5053841744899925
TEST_1118,0.5116704267107812
TEST_1119,0.4805737353600689
TEST_1120,0.47533648804533646
TEST_1121,0.4948057186954875
TEST_1122,0.5399398965856271
TEST_1123,0.529209725528424
TEST_1124,0.4336822751882865
TEST_1125,0.40496785208389197
TEST_1126,0.5060017514327139
TEST_1127,0.40402598337095463
TEST_1128,0.5538076096074515
TEST_1129,0.49737104458806947
TEST_1130,0.5477812857111007
TEST_1131,0.43157809710495876
TEST_1132,0.4961166243033242
TEST_1133,0.4541194328848976
TEST_1134,0.5987910448278053
TEST_1135,0.5204244012804711
TEST_1136,0.5769285717690482
TEST_1137,0.4130800386002339
TEST_1138,0.44644351509289937
TEST_1139,0.47711855744471315
TEST_1140,0.5569734258647681
TEST_1141,0.4901808187545093
TEST_1142,0.49135650652850416
TEST_1143,0.47854752899652375
TEST_1144,0.4361014179065566
TEST_1145,0.43530060710538876
TEST_1146,0.48931526075113363
TEST_1147,0.4531682723959102
TEST_1148,0.45835937777371616
TEST_1149,0.49301021694894354
TEST_1150,0.4591288397715207
TEST_1151,0.5406382906392031
TEST_1152,0.5782386096755496
TEST_1153,0.45166584348725963
TEST_1154,0.5199276408360869
TEST_1155,0.5291550665287468
TEST_1156,0.48794376637858894
TEST_1157,0.46137700427793227
TEST_1158,0.46446448578365684
TEST_1159,0.5191254295723343
TEST_1160,0.5126038975194571
TEST_1161,0.5809236458599394
TEST_1162,0.4371371118150865
TEST_1163,0.5378254257241548
TEST_1164,0.6091126016190211
TEST_1165,0.650806116637368
TEST_1166,0.5520605621677084
TEST_1167,0.5434996739372823
TEST_1168,0.4311494216140128
TEST_1169,0.5488239955531091
TEST_1170,0.44439238991337415
TEST_1171,0.5797854836533376
TEST_1172,0.5438500184289444
TEST_1173,0.49214253045536926
TEST_1174,0.4404181361935873
TEST_1175,0.5431056699326913
TEST_1176,0.48254458131018124
TEST_1177,0.5288163278519515
TEST_1178,0.6379314819542476
TEST_1179,0.45560048950008375
TEST_1180,0.5250550939517669
TEST_1181,0.5574486873594546
TEST_1182,0.49079645338698913
TEST_1183,0.4855444363427316
TEST_1184,0.4054225819501729
TEST_1185,0.47892669254611886
TEST_1186,0.419462016830199
TEST_1187,0.5617338894783455
TEST_1188,0.6338124305309709
TEST_1189,0.5278534192381992
TEST_1190,0.542489929922523
TEST_1191,0.5617788803649407
TEST_1192,0.4886521068707307
TEST_1193,0.5876902279214384
TEST_1194,0.56599706808185
TEST_1195,0.4559664480462284
TEST_1196,0.4924834719232861
TEST_1197,0.49705697396428783
TEST_1198,0.5168359962598104
TEST_1199,0.5472643297625113
TEST_1200,0.5064373955431635
TEST_1201,0.4562112217321733
TEST_1202,0.4803531617079786
TEST_1203,0.5462905013615791
TEST_1204,0.4678464686649466
TEST_1205,0.47465696567255505
TEST_1206,0.5777955092429612
TEST_1207,0.44004608264467915
TEST_1208,0.4854170160133231
TEST_1209,0.4761958974369368
TEST_1210,0.5089402053528358
TEST_1211,0.4208576679000283
TEST_1212,0.45181595854650447
TEST_1213,0.46372851276283056
TEST_1214,0.4719572096716459
TEST_1215,0.38135452397488745
TEST_1216,0.4128758149893677
TEST_1217,0.40234671966162683
TEST_1218,0.6731454607913291
TEST_1219,0.5579605864369517
TEST_1220,0.46028665931876867
TEST_1221,0.4522715260874891
TEST_1222,0.49892241846857355
TEST_1223,0.47831604223055746
TEST_1224,0.4211232177856432
TEST_1225,0.494001413284732
TEST_1226,0.4944048188715384
TEST_1227,0.5260702207718977
TEST_1228,0.6851989125930434
TEST_1229,0.5633844155435986
TEST_1230,0.4863981386081886
TEST_1231,0.5839625700018942
TEST_1232,0.37974981907175176
TEST_1233,0.5499613178999181
TEST_1234,0.5327421804377086
TEST_1235,0.5614614088038785
TEST_1236,0.4744921551207343
TEST_1237,0.44200787047862855
TEST_1238,0.47091652515941257
TEST_1239,0.5178413873604186
TEST_1240,0.43666046904172384
TEST_1241,0.487786972878679
TEST_1242,0.44431745716479754
TEST_1243,0.5830655997762874
TEST_1244,0.46332671778555046
TEST_1245,0.5782663236959165
TEST_1246,0.5102146562349233
TEST_1247,0.4402806619715802
TEST_1248,0.4815027832535721
TEST_1249,0.4803378274582868
TEST_1250,0.5697872923682032
TEST_1251,0.544635439120696
TEST_1252,0.4802134279144641
TEST_1253,0.5079164853228015
TEST_1254,0.4802083034148388
TEST_1255,0.5549332495594124
TEST_1256,0.5936156429635897
TEST_1257,0.5353790984583439
TEST_1258,0.5021746379325377
TEST_1259,0.5523552743939579
TEST_1260,0.5456847339487639
TEST_1261,0.5243974440651213
TEST_1262,0.6415232239893787
TEST_1263,0.5807323732267033
TEST_1264,0.5378508386450667
TEST_1265,0.4634380766039432
TEST_1266,0.5303141422487966
TEST_1267,0.5100916555377728
TEST_1268,0.4895500364011862
TEST_1269,0.5683473047411672
TEST_1270,0.5267589255477793
TEST_1271,0.5404908857063535
TEST_1272,0.559441253346822
TEST_1273,0.4315339736466793
TEST_1274,0.45853506508448966
TEST_1275,0.5085495045772837
TEST_1276,0.5837408761066458
TEST_1277,0.3838665564884814
TEST_1278,0.4897841468499724
TEST_1279,0.4582071656999374
TEST_1280,0.54824880787315
TEST_1281,0.5740945676281372
TEST_1282,0.4397067034285812
TEST_1283,0.5973254300496875
TEST_1284,0.4759402876930887
TEST_1285,0.5936348783533305
TEST_1286,0.5399638561049993
TEST_1287,0.5316450612527108
TEST_1288,0.5217559440620938
TEST_1289,0.46002699816624937
TEST_1290,0.4632561496429471
TEST_1291,0.5627716280154742
TEST_1292,0.5412025494122528
TEST_1293,0.5346983526358071
TEST_1294,0.528938918111362
TEST_1295,0.5376761395911103
TEST_1296,0.5769820624924662
TEST_1297,0.5184317801619417
TEST_1298,0.4464866088451875
TEST_1299,0.5517824367873101
TEST_1300,0.48645632531729094
TEST_1301,0.6242283980770977
TEST_1302,0.5214799176627161
TEST_1303,0.4547957394684504
TEST_1304,0.507101468538746
TEST_1305,0.5140530792667306
TEST_1306,0.5410584007287365
TEST_1307,0.5106037648945909
TEST_1308,0.4539882404791067
TEST_1309,0.5603174044722995
TEST_1310,0.500786899499589
TEST_1311,0.49167288172987655
TEST_1312,0.5061587129607589
TEST_1313,0.44858876784448387
TEST_1314,0.529763759284769
TEST_1315,0.4343702921899321
TEST_1316,0.4510976113274746
TEST_1317,0.49632614011268217
TEST_1318,0.6849683011665293
TEST_1319,0.5286160937252873
TEST_1320,0.5104043537743923
TEST_1321,0.5267116254842725
TEST_1322,0.5330956142061704
TEST_1323,0.4385331571985125
TEST_1324,0.43061590813230655
TEST_1325,0.5510734339571303
TEST_1326,0.5642555219319669
TEST_1327,0.5399021552586868
TEST_1328,0.4874951938307104
TEST_1329,0.5226634283936903
TEST_1330,0.5945492564043008
TEST_1331,0.5064790128609163
TEST_1332,0.5480798126640527
TEST_1333,0.4822277472204415
TEST_1334,0.42681307025205817
TEST_1335,0.4894940864110353
TEST_1336,0.5396533875757592
TEST_1337,0.5727848164609557
TEST_1338,0.5078288943066538
TEST_1339,0.5252549656047923
TEST_1340,0.4963462058752323
TEST_1341,0.46422633020181453
TEST_1342,0.4945723121686789
TEST_1343,0.5648280226903637
TEST_1344,0.4926029103355447
TEST_1345,0.5776468847210614
TEST_1346,0.47931220656630813
TEST_1347,0.5851408098581217
TEST_1348,0.4014959768031279
TEST_1349,0.4554001106250823
TEST_1350,0.48377100846371635
TEST_1351,0.6990763969863332
TEST_1352,0.4842809799870116
TEST_1353,0.5195952819257907
TEST_1354,0.4576008541163147
TEST_1355,0.5874558220364904
TEST_1356,0.4690730437466928
TEST_1357,0.5579807657974445
TEST_1358,0.5429409516524661
TEST_1359,0.4960263152531011
TEST_1360,0.47168568476364975
TEST_1361,0.5752159560392978
TEST_1362,0.4868310952083583
TEST_1363,0.5154577168986552
TEST_1364,0.4821162134296369
TEST_1365,0.4580671752836365
TEST_1366,0.5040941947095237
TEST_1367,0.4820375246246533
TEST_1368,0.49142798215517003
TEST_1369,0.471579102160405
TEST_1370,0.4311195308026479
TEST_1371,0.59838153609466
TEST_1372,0.47451934483673075
TEST_1373,0.449647352991872
TEST_1374,0.46724070415906993
TEST_1375,0.5649461231401469
TEST_1376,0.6047501436243585
TEST_1377,0.4578550075964223
TEST_1378,0.4946944975990317
TEST_1379,0.6957430706986714
TEST_1380,0.46020786992334517
TEST_1381,0.5269353115910491
TEST_1382,0.5795450514793397
TEST_1383,0.5282524962334701
TEST_1384,0.4481932672290612
TEST_1385,0.49394983682078597
TEST_1386,0.4832984527458287
TEST_1387,0.5895783475343297
TEST_1388,0.5150563586664922
TEST_1389,0.6860427894451397
TEST_1390,0.5111192160699793
TEST_1391,0.5804237996292019
TEST_1392,0.4410782017950592
TEST_1393,0.5357585471746429
TEST_1394,0.47118000845691893
TEST_1395,0.44557028542217836
TEST_1396,0.6105960246422867
TEST_1397,0.48705964228631926
TEST_1398,0.6567876999527154
TEST_1399,0.5561506480303966
TEST_1400,0.5358870140710363
TEST_1401,0.5305574784630236
TEST_1402,0.4956491101689129
TEST_1403,0.5405294413299455
TEST_1404,0.46947578824974295
TEST_1405,0.55598181933354
TEST_1406,0.4582997885555342
TEST_1407,0.48063453809323264
TEST_1408,0.39061564446296665
TEST_1409,0.3414292138914621
TEST_1410,0.593902251813991
TEST_1411,0.49844526574588494
TEST_1412,0.4952422310015905
TEST_1413,0.46960830040475604
TEST_1414,0.44264841160900925
TEST_1415,0.5154605604731554
TEST_1416,0.5296617262492953
TEST_1417,0.458022089883721
TEST_1418,0.5607589877535355
TEST_1419,0.5388389183622396
TEST_1420,0.4420688833727785
TEST_1421,0.557006440474515
TEST_1422,0.42008402982230897
TEST_1423,0.5088431704829681
TEST_1424,0.5576254267594618
TEST_1425,0.43722781382462417
TEST_1426,0.5216971894528831
TEST_1427,0.5486793561603089
TEST_1428,0.5051459752099994
TEST_1429,0.5308392109500045
TEST_1430,0.5709791815560812
TEST_1431,0.5278476465435776
TEST_1432,0.4422796449533692
TEST_1433,0.45647857817153287
TEST_1434,0.45974512377461274
TEST_1435,0.42755451635450525
TEST_1436,0.41144182491460973
TEST_1437,0.5033061396835316
TEST_1438,0.5239103251481876
TEST_1439,0.512607222156484
TEST_1440,0.5639687989556289
TEST_1441,0.525751202455577
TEST_1442,0.5772617112478289
TEST_1443,0.46059578550008884
TEST_1444,0.39391833024686773
TEST_1445,0.4628818629387643
TEST_1446,0.4840764513062614
TEST_1447,0.47246750517220104
TEST_1448,0.46319235169750117
TEST_1449,0.4519109227116884
TEST_1450,0.686966135074041
TEST_1451,0.511511751192882
TEST_1452,0.465781961101289
TEST_1453,0.45099074765269487
TEST_1454,0.42509913466916716
TEST_1455,0.3782767037299053
TEST_1456,0.5471184039320132
TEST_1457,0.47080555319589623
TEST_1458,0.4676026926099556
TEST_1459,0.49646553787110426
TEST_1460,0.5232541195608447
TEST_1461,0.542273666599721
TEST_1462,0.48877168067361787
TEST_1463,0.4926242878762671
TEST_1464,0.5388924873578113
TEST_1465,0.5693777444179036
TEST_1466,0.5842890846335911
TEST_1467,0.5351298856182842
TEST_1468,0.5980578922278876
TEST_1469,0.5415261938444635
TEST_1470,0.43266403548671795
TEST_1471,0.5449264827984444
TEST_1472,0.46902326551068263
TEST_1473,0.5071291054902074
TEST_1474,0.5163995944649963
TEST_1475,0.4893935304964615
TEST_1476,0.6089022369407759
TEST_1477,0.5324426147783545
TEST_1478,0.48091625650733993
TEST_1479,0.5356427615256236
TEST_1480,0.5265065546842295
TEST_1481,0.4586580920279408
TEST_1482,0.5102534024781393
TEST_1483,0.5145304617129356
TEST_1484,0.536911816739144
TEST_1485,0.5214679787972911
TEST_1486,0.5421651548989901
TEST_1487,0.4249239082308961
TEST_1488,0.5519506492497657
TEST_1489,0.41076214082245094
TEST_1490,0.4948822638134118
TEST_1491,0.5488884443273907
TEST_1492,0.49510808059454847
TEST_1493,0.5677828736111976
TEST_1494,0.5025488411545624
TEST_1495,0.4800784252808613
TEST_1496,0.4188237708554937
TEST_1497,0.4795228163144776
TEST_1498,0.5311183807491489
TEST_1499,0.5648928352443011
TEST_1500,0.6902509319992894
TEST_1501,0.6900121555529927
TEST_1502,0.4466219037212765
TEST_1503,0.43989138474699613
TEST_1504,0.5975812841479324
TEST_1505,0.4968870195232654
TEST_1506,0.4602976792067831
TEST_1507,0.500069527850828
TEST_1508,0.5376228394072229
TEST_1509,0.46978874801678283
TEST_1510,0.4854750395329847
TEST_1511,0.5034618307079546
TEST_1512,0.521571760977266
TEST_1513,0.5484334158795561
TEST_1514,0.43768761854768334
TEST_1515,0.4101767727264899
TEST_1516,0.4758591079922663
TEST_1517,0.48099274607508424
TEST_1518,0.5785203523662161
TEST_1519,0.5687951005449471
TEST_1520,0.5017725850378327
TEST_1521,0.46559129593899035
TEST_1522,0.5275662420204997
TEST_1523,0.5081486392265958
TEST_1524,0.4969581348521444
TEST_1525,0.4807058289792514
TEST_1526,0.4656309608421292
TEST_1527,0.5369917119718026
TEST_1528,0.49610388359230984
TEST_1529,0.484312081939681
TEST_1530,0.5681334692782744
TEST_1531,0.5028606479637532
TEST_1532,0.5364364896826169
TEST_1533,0.4408477629451599
TEST_1534,0.545811365458843
TEST_1535,0.562288553540391
TEST_1536,0.493781562641353
TEST_1537,0.613065471695522
TEST_1538,0.6331670706119887
TEST_1539,0.5548444589427819
TEST_1540,0.5927382441006359
TEST_1541,0.45586696382312253
TEST_1542,0.48727355035640785
TEST_1543,0.4942640667398026
TEST_1544,0.6080494967226122
TEST_1545,0.5178574298406728
TEST_1546,0.5533390727165297
TEST_1547,0.47090824381083574
TEST_1548,0.4790585110949208
TEST_1549,0.5705235913176074
TEST_1550,0.6982944445881722
TEST_1551,0.4569468788215172
TEST_1552,0.5251975689702586
TEST_1553,0.4748297040631363
TEST_1554,0.5206084647986342
TEST_1555,0.49254086928445107
TEST_1556,0.5119886740001072
TEST_1557,0.5171889942232049
TEST_1558,0.5371983007243246
TEST_1559,0.5231913093312904
TEST_1560,0.4840884456932557
TEST_1561,0.4752936737329455
TEST_1562,0.4490585458473651
TEST_1563,0.5260608546987608
TEST_1564,0.49434287009654704
TEST_1565,0.5842804884876881
TEST_1566,0.5185308921701277
TEST_1567,0.4684632145025094
TEST_1568,0.6173653762642937
TEST_1569,0.5531127555039803
TEST_1570,0.5150685119515777
TEST_1571,0.5694592179747857
TEST_1572,0.44384904090612953
TEST_1573,0.6190160192903973
TEST_1574,0.5692036896337564
TEST_1575,0.6107583999298639
TEST_1576,0.5102202957460539
TEST_1577,0.5407581634032037
TEST_1578,0.45446843938175835
TEST_1579,0.5028398534192331
TEST_1580,0.6363867088415639
TEST_1581,0.5948033982665835
TEST_1582,0.6602543897600519
TEST_1583,0.5150452835314592
TEST_1584,0.49447337577608436
TEST_1585,0.5442881336052838
TEST_1586,0.5060667114253645
TEST_1587,0.3976498503897616
TEST_1588,0.5390838286184725
TEST_1589,0.5076846276128653
TEST_1590,0.5392346161485231
TEST_1591,0.45463849318571514
TEST_1592,0.6451931712268375
TEST_1593,0.4034901864538052
TEST_1594,0.5371059977318995
TEST_1595,0.4797877036840188
TEST_1596,0.5269616150891854
TEST_1597,0.47950282070488576
TEST_1598,0.6503184362081649
TEST_1599,0.4914949226602487
TEST_1600,0.48844451419872126
TEST_1601,0.4891996702126412
TEST_1602,0.5255326653359385
TEST_1603,0.35240264683087363
TEST_1604,0.4158581840158839
TEST_1605,0.5136308530087921
TEST_1606,0.5385438138755407
TEST_1607,0.4702789677198951
TEST_1608,0.4257370804952835
TEST_1609,0.5349413063562156
TEST_1610,0.46957897838849894
TEST_1611,0.4278580300695357
TEST_1612,0.5060762112181625
TEST_1613,0.43217157294516884
TEST_1614,0.6082031844465748
TEST_1615,0.4559790180391371
TEST_1616,0.5912669002053149
TEST_1617,0.49702112954484917
TEST_1618,0.5611168806493427
TEST_1619,0.49375936433550716
TEST_1620,0.4300102429286277
TEST_1621,0.4910219203567079
TEST_1622,0.4999235717993557
TEST_1623,0.4538617276851946
TEST_1624,0.5260507428844595
TEST_1625,0.42948003477554064
TEST_1626,0.496594493422275
TEST_1627,0.4866980509271191
TEST_1628,0.471754240881059
TEST_1629,0.5016293200501347
TEST_1630,0.5536559244718592
TEST_1631,0.5124859310730865
TEST_1632,0.4342861717565496
TEST_1633,0.4511258737854259
TEST_1634,0.6192681917755095
TEST_1635,0.5146596833479424
TEST_1636,0.6467088970242106
TEST_1637,0.4581164927341669
TEST_1638,0.47719777064582797
TEST_1639,0.5680624589428565
TEST_1640,0.5239508573931907
TEST_1641,0.4887257817853806
TEST_1642,0.4984463663615048
TEST_1643,0.4526001812031324
TEST_1644,0.5748702922211988
TEST_1645,0.5214899936201385
TEST_1646,0.6033652221344428
TEST_1647,0.5127128079350904
TEST_1648,0.5626690373679215
TEST_1649,0.43415010087898387
TEST_1650,0.5910011723967836
TEST_1651,0.5016868969333839
TEST_1652,0.4947668578232111
TEST_1653,0.5638561876660911
TEST_1654,0.4575246498351215
TEST_1655,0.45071699763688944
TEST_1656,0.5947956254989114
TEST_1657,0.5256673773645693
TEST_1658,0.5383497613660289
TEST_1659,0.5213581844151476
TEST_1660,0.43715710116958206
TEST_1661,0.5869925772984144
TEST_1662,0.6030689963477858
TEST_1663,0.5393273977907771
TEST_1664,0.535887289712557
TEST_1665,0.520055890391088
TEST_1666,0.5503866551945521
TEST_1667,0.473375905047436
TEST_1668,0.5917758301244265
TEST_1669,0.5635889434751136
TEST_1670,0.5646079601331627
TEST_1671,0.5089997286653501
TEST_1672,0.4580773657321059
TEST_1673,0.5245840607458665
TEST_1674,0.4766295674787069
TEST_1675,0.5648967222060729
TEST_1676,0.6321097607665753
TEST_1677,0.4562826170078159
TEST_1678,0.519689928251997
TEST_1679,0.627619720539921
TEST_1680,0.5695516948211199
TEST_1681,0.5839514602820975
TEST_1682,0.500745230166066
TEST_1683,0.5391144198798709
TEST_1684,0.49263761023894115
TEST_1685,0.46398643711294596
TEST_1686,0.5664200849290728
TEST_1687,0.45569561401823244
TEST_1688,0.6046554333216246
TEST_1689,0.5523325575241439
TEST_1690,0.46470745800135965
TEST_1691,0.4998846058510995
TEST_1692,0.5809744962928065
TEST_1693,0.5564795826990518
TEST_1694,0.4963973890355349
TEST_1695,0.41440685792967746
TEST_1696,0.5314965821941431
TEST_1697,0.5619924672066869
TEST_1698,0.5090820876726797
TEST_1699,0.5020432343368093
TEST_1700,0.5559609608853919
TEST_1701,0.4594899531795663
TEST_1702,0.5341758039118272
TEST_1703,0.4060449621383322
TEST_1704,0.4524874082421674
TEST_1705,0.5156322221406048
TEST_1706,0.4977055603294267
TEST_1707,0.4982273199559008
TEST_1708,0.5598279062036098
TEST_1709,0.4738794714288378
TEST_1710,0.5227354329444798
TEST_1711,0.5200134739251302
TEST_1712,0.39328009732981695
TEST_1713,0.466763329751855
TEST_1714,0.5020282343424839
TEST_1715,0.3593593888525276
TEST_1716,0.5175787559919518
TEST_1717,0.4304416067964387
TEST_1718,0.46568575136231793
TEST_1719,0.6163094781839612
TEST_1720,0.48218552894664884
TEST_1721,0.4807483068429062
TEST_1722,0.4890611628587872
TEST_1723,0.5097285258803799
TEST_1724,0.5683339624347434
TEST_1725,0.5077409064825812
TEST_1726,0.5188232682740561
TEST_1727,0.5065217578342934
TEST_1728,0.6663242287571678
TEST_1729,0.4342005048642335
TEST_1730,0.46870909287241
TEST_1731,0.5028698041528253
TEST_1732,0.4596231870583535
TEST_1733,0.44288764132497727
TEST_1734,0.4986612351875368
TEST_1735,0.4501027792802126
TEST_1736,0.5280136867216652
TEST_1737,0.5057078537638056
TEST_1738,0.4258448810063743
TEST_1739,0.5607635847498922
TEST_1740,0.5972944308535231
TEST_1741,0.4755986644041663
TEST_1742,0.5471168402638266
TEST_1743,0.4536816953637022
TEST_1744,0.5346141368578716
TEST_1745,0.5115714334263177
TEST_1746,0.45617870059469706
TEST_1747,0.564808924746433
TEST_1748,0.48094552019755343
TEST_1749,0.6280119124361355
TEST_1750,0.49977455116263636
TEST_1751,0.5739583121180525
TEST_1752,0.550401182453021
TEST_1753,0.4506695237620417
TEST_1754,0.5058553460521483
